"Reference","Value","Footprint","Qty"
"C1,C3","10n","Capacitor_SMD:C_0805_2012Metric","2"
"C2,C7,C8","1u","Capacitor_SMD:C_0805_2012Metric","3"
"C4,C5,C6","100n","Capacitor_SMD:C_0805_2012Metric","3"
"C9","ext","Capacitor_THT:C_Radial_D6.3mm_H11.0mm_P2.50mm","1"
"D1,D2,D3,D4,D6,D7,D8,D9,D11,D12,D13,D14,D15,D16","IN4148","Diode_SMD:D_SOD-323_HandSoldering","14"
"D5,D10","LED","LED_THT:LED_D3.0mm","2"
"J4,J5,J6,J7,J8,J9","AudioJack2","Library:MonoTRS","6"
"J15","Conn_02x05_Odd_Even","Connector_IDC:IDC-Header_2x05_P2.54mm_Vertical","1"
"Q3,Q4,Q5","BC847","Package_TO_SOT_SMD:SOT-23","3"
"R1,R4,R16","47k","Resistor_SMD:R_0805_2012Metric","3"
"R2,R10,R14,R19,R21,R29,R30,R32","100k","Resistor_SMD:R_0805_2012Metric","8"
"R3,R7,R8,R13,R15,R17,R18,R23,R27","10k","Resistor_SMD:R_0805_2012Metric","9"
"R5","100R","Resistor_SMD:R_0805_2012Metric","1"
"R12,R20","1k","Resistor_SMD:R_0805_2012Metric","2"
"R22","33k","Resistor_SMD:R_0805_2012Metric","1"
"R24","2k2","Resistor_SMD:R_0805_2012Metric","1"
"R25","4k7","Resistor_SMD:R_0805_2012Metric","1"
"RV1,RV2,RV3,RV4","100k","Potentiometer_THT:Potentiometer_Alpha_RD901F-40-00D_Single_Vertical","4"
"SW1","SW_SPDT","Library:Switch","1"
"U1","TL074","Package_SO:SOIC-14_3.9x8.7mm_P1.27mm","1"
"U2","TL072","Package_SO:SOIC-8_3.9x4.9mm_P1.27mm","1"
"U4","4066","Package_SO:SOIC-14_3.9x8.7mm_P1.27mm","1"
