Ref,Val,Package,PosX,PosY,Rot,Side
"C1","10n","C_0805_2012Metric",151.275000,-75.990000,180.000000,top
"C2","1u","C_0805_2012Metric",127.700000,-87.775000,-90.000000,top
"C3","10n","C_0805_2012Metric",137.087501,-53.545000,0.000000,top
"C4","100n","C_0805_2012Metric",147.460000,-73.950000,180.000000,top
"C5","100n","C_0805_2012Metric",145.000000,-62.775000,180.000000,top
"C6","100n","C_0805_2012Metric",134.000000,-81.475000,-90.000000,top
"C7","1u","C_0805_2012Metric",120.560000,-68.050000,0.000000,top
"C8","1u","C_0805_2012Metric",136.900000,-68.975000,0.000000,top
"D1","IN4148","D_SOD-323_HandSoldering",137.000000,-66.775000,0.000000,top
"D2","IN4148","D_SOD-323_HandSoldering",137.000000,-60.275000,0.000000,top
"D3","IN4148","D_SOD-323_HandSoldering",142.200000,-110.975000,90.000000,top
"D4","IN4148","D_SOD-323_HandSoldering",150.810000,-80.200000,180.000000,top
"D6","IN4148","D_SOD-323_HandSoldering",138.560000,-95.350000,-90.000000,top
"D7","IN4148","D_SOD-323_HandSoldering",137.560000,-137.550000,180.000000,top
"D8","IN4148","D_SOD-323_HandSoldering",144.200000,-76.024999,90.000000,top
"D9","IN4148","D_SOD-323_HandSoldering",145.300000,-91.375000,180.000000,top
"D11","IN4148","D_SOD-323_HandSoldering",136.900000,-49.275000,0.000000,top
"D12","IN4148","D_SOD-323_HandSoldering",136.957500,-64.485000,180.000000,top
"D13","IN4148","D_SOD-323_HandSoldering",137.800000,-75.924999,90.000000,top
"D14","IN4148","D_SOD-323_HandSoldering",134.860000,-125.850000,90.000000,top
"D15","IN4148","D_SOD-323_HandSoldering",119.600000,-64.275000,90.000000,top
"D16","IN4148","D_SOD-323_HandSoldering",151.322500,-56.835000,180.000000,top
"Q3","BC847","SOT-23",138.400000,-124.475000,90.000000,top
"Q4","BC847","SOT-23",151.600000,-64.550000,0.000000,top
"Q5","BC847","SOT-23",139.060000,-129.550000,90.000000,top
"R1","47k","R_0805_2012Metric",151.500000,-54.675000,0.000000,top
"R2","100k","R_0805_2012Metric",151.322500,-61.135000,180.000000,top
"R3","10k","R_0805_2012Metric",151.300000,-71.875000,0.000000,top
"R4","47k","R_0805_2012Metric",151.360000,-59.050000,180.000000,top
"R5","100R","R_0805_2012Metric",136.900000,-58.075000,180.000000,top
"R7","10k","R_0805_2012Metric",147.460000,-76.050000,0.000000,top
"R8","10k","R_0805_2012Metric",136.700000,-105.375000,90.000000,top
"R10","100k","R_0805_2012Metric",137.012500,-62.375000,0.000000,top
"R12","1k","R_0805_2012Metric",137.560000,-133.350000,0.000000,top
"R13","10k","R_0805_2012Metric",136.360000,-95.150000,-90.000000,top
"R14","100k","R_0805_2012Metric",147.450000,-78.169999,180.000000,top
"R15","10k","R_0805_2012Metric",151.275000,-73.990000,0.000000,top
"R16","47k","R_0805_2012Metric",134.160000,-95.150000,-90.000000,top
"R17","10k","R_0805_2012Metric",140.859999,-95.250000,-90.000000,top
"R18","10k","R_0805_2012Metric",137.560000,-139.750000,180.000000,top
"R19","100k","R_0805_2012Metric",145.300000,-95.604999,0.000000,top
"R20","1k","R_0805_2012Metric",145.300000,-93.475000,180.000000,top
"R21","100k","R_0805_2012Metric",151.275000,-78.090000,180.000000,top
"R22","33k","R_0805_2012Metric",139.900001,-76.275000,-90.000000,top
"R23","10k","R_0805_2012Metric",134.860000,-129.950000,-90.000000,top
"R24","2k2","R_0805_2012Metric",137.560000,-135.450000,180.000000,top
"R25","4k7","R_0805_2012Metric",145.300000,-97.675000,180.000000,top
"R27","10k","R_0805_2012Metric",137.087500,-55.675000,180.000000,top
"R29","100k","R_0805_2012Metric",142.100000,-76.275000,90.000000,top
"R30","100k","R_0805_2012Metric",140.200000,-111.250000,90.000000,top
"R32","100k","R_0805_2012Metric",137.100000,-51.445000,0.000000,top
"U1","TL074","SOIC-14_3.9x8.7mm_P1.27mm",133.970000,-88.050000,90.000000,top
"U2","TL072","SOIC-8_3.9x4.9mm_P1.27mm",145.100000,-58.675000,0.000000,top
"U4","4066","SOIC-14_3.9x8.7mm_P1.27mm",134.330000,-111.300000,90.000000,top
